{"train_rmse": 1.0138285235634852, "test_rmse": 1.123364631830659, "train_avg_ndcg@5": 0.8627883357284348, "test_avg_ndcg@5": 0.8903709830254631, "train_avg_ndcg@3": 0.8640322067074583, "test_avg_ndcg@3": 0.8714592990884346, "train_avg_ndcg@2": 0.8575084706432696, "test_avg_ndcg@2": 0.8588259061647352}